date,open,high,low,close,volume,amount,outstanding_share,turnover
2023-01-03,11.18,11.73,11.05,11.66,219412794.0,2971546989.0,19405546950.0,0.011306704962521038
2023-01-04,11.61,12.21,11.54,12.13,218968253.0,3110729449.0,19405546950.0,0.011283797027942055
2023-01-05,12.19,12.48,12.17,12.26,166542518.0,2417272356.0,19405546950.0,0.008582212005109188
2023-01-06,12.28,12.46,12.26,12.38,119574471.0,1747915169.0,19405546950.0,0.006161870691307672
2023-01-09,12.49,12.6,12.3,12.53,105765911.0,1561368487.0,19405546950.0,0.005450292706127513
2023-01-10,12.5,12.61,12.19,12.23,126942339.0,1851093717.0,19405546950.0,0.0065415491419580935
2023-01-11,12.24,12.52,12.19,12.42,83056612.0,1217450812.0,19405546950.0,0.004280044886856436
2023-01-12,12.51,12.51,12.3,12.42,62569484.0,914367700.0,19405546950.0,0.003224309222575146
2023-01-13,12.42,12.66,12.32,12.66,94908583.0,1407181074.0,19405546950.0,0.004890796597722282
2023-01-16,12.66,12.94,12.57,12.77,156003989.0,2356399993.0,19405546950.0,0.008039144137599276
2023-01-17,12.81,12.85,12.51,12.68,93583454.0,1396151515.0,19405546950.0,0.00482251050388456
2023-01-18,12.66,12.85,12.63,12.79,71843403.0,1083362998.0,19405546950.0,0.003702209640630614
2023-01-19,12.81,12.91,12.59,12.78,64187520.0,963744633.0,19405546950.0,0.0033076892996308977
2023-01-20,12.84,12.9,12.7,12.81,60859008.0,920144806.0,19405546950.0,0.003136165559095463
2023-01-30,13.21,13.33,12.61,12.83,137431750.0,2096867649.0,19405546950.0,0.00708208587751246
2023-01-31,12.9,13.13,12.67,12.69,103049784.0,1568639326.0,19405546950.0,0.005310326179700902
2023-02-01,12.73,12.77,12.29,12.45,165342148.0,2426471973.0,19405546950.0,0.008520354949335762
2023-02-02,12.48,12.52,12.08,12.36,157790039.0,2280744883.0,19405546950.0,0.008131182254566651
2023-02-03,12.24,12.32,11.99,12.13,124638298.0,1782105891.0,19405546950.0,0.006422818090164678
2023-02-06,11.94,11.96,11.74,11.85,131761010.0,1838428709.0,19405546950.0,0.006789863245776745
2023-02-07,11.91,12.13,11.88,12.03,86946046.0,1235297763.0,19405546950.0,0.004480473867808194
2023-02-08,12.06,12.13,11.88,11.89,65789257.0,928708934.0,19405546950.0,0.0033902294622002397
2023-02-09,11.86,12.11,11.82,11.96,83035002.0,1174361963.0,19405546950.0,0.004278931287736778
2023-02-10,11.94,11.96,11.74,11.84,84728366.0,1184283386.0,19405546950.0,0.0043661931414924636
2023-02-13,11.8,11.8,11.52,11.7,180005416.0,2473405203.0,19405546950.0,0.009275977454477263
2023-02-14,11.73,11.84,11.69,11.82,90993709.0,1263892078.0,19405546950.0,0.004689056651402449
2023-02-15,11.81,11.82,11.53,11.58,125024398.0,1713566673.0,19405546950.0,0.006442714463144776
2023-02-16,11.58,11.78,11.43,11.52,127912329.0,1757431084.0,19405546950.0,0.006591534334465125
2023-02-17,11.54,11.62,11.37,11.37,91836369.0,1246777397.0,19405546950.0,0.004732480317953625
2023-02-20,11.43,11.98,11.42,11.98,211619117.0,2945969773.0,19405546950.0,0.010905083868300863
2023-02-21,11.91,12.02,11.79,11.94,99049499.0,1393153377.0,19405546950.0,0.0051041848629780565
2023-02-22,11.85,11.96,11.8,11.87,63892239.0,895742534.0,19405546950.0,0.003292472980257843
2023-02-23,11.85,12.13,11.84,11.9,82449068.0,1165539851.0,19405546950.0,0.004248737137501811
2023-02-24,11.87,11.88,11.69,11.74,72998904.0,1012652972.0,19405546950.0,0.0037617545224614244
2023-02-27,11.64,11.75,11.58,11.59,62146193.0,854854041.0,19405546950.0,0.0032024963357191022
2023-02-28,11.64,11.73,11.52,11.67,60793592.0,833316018.0,19405546950.0,0.0031327945641851647
2023-03-01,11.69,12.02,11.63,12.0,122345178.0,1719710647.0,19405546950.0,0.006304649815603368
2023-03-02,11.96,12.23,11.91,12.06,101587684.0,1447565980.0,19405546950.0,0.005234981743196886
2023-03-03,12.15,12.17,11.97,12.1,69095439.0,985552121.0,19405546950.0,0.0035606025008225804
2023-03-06,12.11,12.11,11.62,11.73,145582414.0,2023954547.0,19405546950.0,0.007502103103566478
2023-03-07,11.73,11.94,11.56,11.59,127926629.0,1773654737.0,19405546950.0,0.006592271237168093
2023-03-08,11.54,11.55,11.35,11.46,109689791.0,1479838980.0,19405546950.0,0.005652496746555242
2023-03-09,11.47,11.5,11.12,11.18,173606476.0,2305765842.0,19405546950.0,0.008946229469713554
2023-03-10,11.01,11.24,11.01,11.13,85699610.0,1128558360.0,19405546950.0,0.004416242954698064
2023-03-13,11.11,11.25,11.01,11.05,100063496.0,1309490079.0,19405546950.0,0.005156437809138896
2023-03-14,11.0,11.01,10.78,10.9,114907558.0,1474124199.0,19405546950.0,0.005921376928775512
2023-03-15,11.05,11.16,10.96,11.05,97936372.0,1278262225.0,19405546950.0,0.005046823583604275
2023-03-16,10.91,11.03,10.84,10.86,91679249.0,1182054434.0,19405546950.0,0.004724383663919351
2023-03-17,11.0,11.04,10.71,10.8,155681414.0,2000832408.0,19405546950.0,0.008022521313165049
2023-03-20,10.8,10.88,10.63,10.64,118881633.0,1505893659.0,19405546950.0,0.006126167600753969
2023-03-21,10.71,10.82,10.58,10.75,84074317.0,1060914056.0,19405546950.0,0.004332488912403471
2023-03-22,10.8,10.91,10.76,10.83,87669077.0,1121080753.0,19405546950.0,0.004517732853698308
2023-03-23,10.75,10.92,10.69,10.92,80430604.0,1029380497.0,19405546950.0,0.004144722341876584
2023-03-24,10.88,10.89,10.8,10.86,62151875.0,796319542.0,19405546950.0,0.0032027891385973018
2023-03-27,10.84,10.85,10.55,10.67,100842214.0,1266945056.0,19405546950.0,0.005196566438443004
2023-03-28,10.72,10.78,10.63,10.7,67386843.0,851797869.0,19405546950.0,0.003472555716859091
2023-03-29,10.78,10.79,10.58,10.61,59606433.0,750687551.0,19405546950.0,0.0030716182931396323
2023-03-30,10.63,10.76,10.51,10.74,82454624.0,1035422932.0,19405546950.0,0.004249023447391159
2023-03-31,10.75,10.81,10.59,10.61,86549166.0,1092263437.0,19405546950.0,0.004460021983559706
2023-04-03,10.63,10.75,10.55,10.73,74042886.0,934285179.0,19405546950.0,0.0038155526453739043
2023-04-04,10.7,10.77,10.66,10.71,64745722.0,817726527.0,19405546950.0,0.0033364543739386847
2023-04-06,10.67,10.68,10.58,10.65,56332130.0,706480660.0,19405546950.0,0.0029028880322283313
2023-04-07,10.64,10.75,10.58,10.69,60792526.0,767354797.0,19405546950.0,0.0031327396314382162
2023-04-10,10.7,10.75,10.65,10.74,64018181.0,809943148.0,19405546950.0,0.0032989629802730193
2023-04-11,10.75,10.77,10.6,10.62,77777962.0,978302908.0,19405546950.0,0.004008027302729543
2023-04-12,10.65,10.66,10.54,10.57,90995706.0,1136997696.0,19405546950.0,0.004689159560122576
2023-04-13,10.51,10.73,10.42,10.64,113159146.0,1413919037.0,19405546950.0,0.005831278360335007
2023-04-14,10.67,10.92,10.65,10.75,129799484.0,1653539531.0,19405546950.0,0.006688782559669105
2023-04-17,10.72,10.96,10.67,10.95,130421259.0,1669357649.0,19405546950.0,0.006720823656042325
2023-04-18,10.95,11.18,10.91,11.01,153893615.0,2009934875.0,19405546950.0,0.007930393067328617
2023-04-19,11.02,11.07,10.86,10.88,101437815.0,1309536002.0,19405546950.0,0.005227258745211507
2023-04-20,10.92,10.92,10.69,10.8,81178841.0,1033330704.0,19405546950.0,0.0041832802347269065
2023-04-21,10.75,10.86,10.57,10.58,91866839.0,1160509766.0,19405546950.0,0.004734050487559177
2023-04-24,10.57,10.58,10.19,10.25,146767192.0,1798133967.0,19405546950.0,0.007563156677735383
2023-04-25,10.28,10.47,10.26,10.4,130190082.0,1595320170.0,19405546950.0,0.006708910722044863
2023-04-26,10.37,10.37,10.15,10.26,99126040.0,1197555724.0,19405546950.0,0.0051081291475786
2023-04-27,10.21,10.46,10.16,10.38,100409337.0,1222755932.0,19405546950.0,0.005174259569117685
2023-04-28,10.38,10.82,10.35,10.63,144525434.0,1816868033.0,19405546950.0,0.007447635172169162
2023-05-04,10.5,10.86,10.32,10.78,147826438.0,1863146144.0,19405546950.0,0.0076177413798687085
2023-05-05,10.82,11.1,10.8,10.93,176218865.0,2283981032.0,19405546950.0,0.009080850205049232
2023-05-08,10.96,11.42,10.87,11.28,263071861.0,3478891629.0,19405546950.0,0.013556529052122387
2023-05-09,11.35,11.52,11.12,11.14,242253445.0,3238716471.0,19405546950.0,0.012483721568074637
2023-05-10,11.15,11.23,10.84,10.87,123705339.0,1600189994.0,19405546950.0,0.006374741166468385
2023-05-11,10.97,11.11,10.84,10.88,90375844.0,1166479365.0,19405546950.0,0.00465721704381025
2023-05-12,10.86,10.9,10.68,10.69,88560368.0,1124579091.0,19405546950.0,0.0045636625562878045
2023-05-15,10.74,10.88,10.54,10.86,92832563.0,1173804243.0,19405546950.0,0.0047838158460151
2023-05-16,10.84,10.94,10.64,10.69,99830169.0,1267712090.0,19405546950.0,0.005144414082077702
2023-05-17,10.65,10.7,10.53,10.58,75462120.0,945315193.0,19405546950.0,0.0038886881258453783
2023-05-18,10.64,10.7,10.53,10.58,68718687.0,861347534.0,19405546950.0,0.003541187845777261
2023-05-19,10.53,10.53,10.43,10.45,68841368.0,851165594.0,19405546950.0,0.0035475098010571663
2023-05-22,10.42,10.54,10.42,10.48,54932785.0,679754868.0,19405546950.0,0.0028307774648938717
2023-05-23,10.48,10.51,10.34,10.34,69436436.0,852871175.0,19405546950.0,0.0035781746414521956
2023-05-24,10.33,10.34,10.17,10.17,82425088.0,996600578.0,19405546950.0,0.0042475014083537595
2023-05-25,10.15,10.16,10.0,10.1,88274430.0,1050002542.0,19405546950.0,0.004548927697191241
2023-05-26,10.1,10.27,10.03,10.25,51142864.0,613772897.0,19405546950.0,0.0026354765537798973
2023-05-29,10.25,10.27,10.12,10.14,56607382.0,680275578.0,19405546950.0,0.0029170722240323146
2023-05-30,10.14,10.15,9.99,10.05,76399692.0,906316374.0,19405546950.0,0.003937002765077951
2023-05-31,10.01,10.03,9.81,9.82,117958671.0,1376758357.0,19405546950.0,0.0060786058390382034
2023-06-01,9.82,9.89,9.74,9.81,74302293.0,861646489.0,19405546950.0,0.003828920318064006
2023-06-02,9.89,10.14,9.86,10.1,122184253.0,1446502669.0,19405546950.0,0.006296357083612116
2023-06-05,10.06,10.16,10.01,10.09,52184619.0,620531416.0,19405546950.0,0.0026891599156910135
2023-06-06,10.09,10.24,10.01,10.03,83327347.0,997039312.0,19405546950.0,0.004293996310163265
2023-06-07,10.07,10.22,10.06,10.11,64369784.0,770386878.0,19405546950.0,0.003317081665662611
2023-06-08,10.13,10.33,10.04,10.26,86939712.0,1048266236.0,19405546950.0,0.004480147466289271
2023-06-09,10.21,10.24,10.03,10.06,131528476.0,1566929274.0,19405546950.0,0.006777880383319987
2023-06-12,10.01,10.08,9.96,9.98,75874703.0,896015709.0,19405546950.0,0.003909949211712376
2023-06-13,9.96,10.03,9.9,9.97,84998805.0,1000183567.0,19405546950.0,0.004380129311428658
2023-06-14,10.02,10.18,9.94,9.95,106920004.0,1237376776.0,19405546950.0,0.005509765031384493
2023-06-15,9.97,10.09,9.88,10.07,92530056.0,1064567231.0,19405546950.0,0.0047682271588845885
2023-06-16,10.07,10.13,10.04,10.09,84203365.0,978869317.0,19405546950.0,0.004339138969746998
2023-06-19,10.09,10.09,9.9,9.94,95399707.0,1096351097.0,19405546950.0,0.004916105031504922
2023-06-20,9.93,9.94,9.85,9.86,54455079.0,620374308.0,19405546950.0,0.002806160482892238
2023-06-21,9.86,9.96,9.84,9.85,61658296.0,703681564.0,19405546950.0,0.0031773541945953757
2023-06-26,9.81,9.81,9.68,9.7,67657743.0,757975992.0,19405546950.0,0.003486515642889416
2023-06-27,9.72,9.82,9.69,9.79,46170178.0,519520687.0,19405546950.0,0.0023792258017236666
2023-06-28,9.79,9.83,9.74,9.81,36539644.0,412039354.0,19405546950.0,0.0018829484216109661
2023-06-29,9.8,9.8,9.69,9.7,48590630.0,544534826.0,19405546950.0,0.0025039557053041475
2023-06-30,9.7,9.81,9.68,9.75,51905258.0,583494655.0,19405546950.0,0.0026747639803061567
2023-07-03,9.75,10.01,9.75,9.97,88509071.0,1009887429.0,19405546950.0,0.004561019136850456
2023-07-04,9.94,9.97,9.82,9.89,61630056.0,701885270.0,19405546950.0,0.0031758989405861605
2023-07-05,9.86,9.89,9.81,9.84,42348240.0,479726282.0,19405546950.0,0.0021822750015299103
2023-07-06,9.81,9.84,9.73,9.75,59709591.0,672396816.0,19405546950.0,0.0030769341958691867
2023-07-07,9.72,9.78,9.7,9.72,48444083.0,543212456.0,19405546950.0,0.0024964038954851516
2023-07-10,9.76,9.79,9.69,9.72,49588228.0,556581582.0,19405546950.0,0.0025553635838128233
2023-07-11,9.74,9.77,9.71,9.73,57080909.0,640131787.0,19405546950.0,0.002941473855237046
2023-07-12,9.75,9.86,9.74,9.75,73608367.0,830230821.0,19405546950.0,0.0037931611610668874
2023-07-13,9.82,9.95,9.78,9.92,112422973.0,1281848379.0,19405546950.0,0.00579334214540137
2023-07-14,9.92,10.02,9.89,9.94,71914699.0,825295738.0,19405546950.0,0.0037058836416873062
2023-07-17,9.9,9.9,9.77,9.81,60834258.0,687262894.0,19405546950.0,0.0031348901505710972
2023-07-18,9.8,9.82,9.74,9.76,47196618.0,531299773.0,19405546950.0,0.0024321199562994025
2023-07-19,9.75,9.82,9.75,9.81,38219596.0,430771279.0,19405546950.0,0.0019695191327755903
2023-07-20,9.83,9.93,9.8,9.82,55406957.0,629696111.0,19405546950.0,0.0028552123340177225
2023-07-21,9.81,9.88,9.79,9.84,37710256.0,427375950.0,19405546950.0,0.0019432719983190168
2023-07-24,9.83,9.83,9.75,9.77,42685218.0,480713396.0,19405546950.0,0.0021996400364278318
2023-07-25,9.94,10.18,9.93,10.17,203295819.0,2358815160.0,19405546950.0,0.01047617052607734
2023-07-26,10.11,10.19,10.03,10.13,75166268.0,875260135.0,19405546950.0,0.003873442381895863
2023-07-27,10.14,10.3,10.11,10.2,111519586.0,1314228294.0,19405546950.0,0.005746789115882147
2023-07-28,10.14,10.67,10.13,10.64,234701346.0,2839828237.0,19405546950.0,0.012094549388622103
2023-07-31,10.67,10.85,10.61,10.69,185495239.0,2288940411.0,19405546950.0,0.009558877133323984
2023-08-01,10.64,10.73,10.53,10.55,95773478.0,1169570705.0,19405546950.0,0.004935366070679085
2023-08-02,10.47,10.62,10.35,10.44,111590004.0,1343864165.0,19405546950.0,0.005750417872143511
2023-08-03,10.4,10.73,10.37,10.7,117584771.0,1433255493.0,19405546950.0,0.006059338152280217
2023-08-04,10.78,10.87,10.6,10.67,130313102.0,1611435431.0,19405546950.0,0.006715250146556678
2023-08-07,10.6,10.63,10.52,10.55,64691326.0,786506452.0,19405546950.0,0.003333651257894589
2023-08-08,10.52,10.6,10.41,10.5,72570456.0,877489188.0,19405546950.0,0.0037396758868473946
2023-08-09,10.47,10.59,10.46,10.56,57760774.0,702060797.0,19405546950.0,0.002976508425597352
2023-08-10,10.54,10.6,10.47,10.55,47559453.0,577123920.0,19405546950.0,0.0024508174452665967
2023-08-11,10.56,10.65,10.32,10.32,94353857.0,1132867239.0,19405546950.0,0.004862210647456139
2023-08-14,10.21,10.22,10.06,10.13,97592018.0,1139185249.0,19405546950.0,0.005029078451200264
2023-08-15,10.14,10.24,10.07,10.18,71281277.0,834163040.0,19405546950.0,0.0036732423560986
2023-08-16,10.13,10.28,10.07,10.18,57290437.0,671706045.0,19405546950.0,0.002952271180380206
2023-08-17,10.13,10.15,9.94,10.04,96505775.0,1116292662.0,19405546950.0,0.004973102548908059
2023-08-18,10.05,10.19,10.01,10.03,65981885.0,767047287.0,19405546950.0,0.0034001559023308023
2023-08-21,10.03,10.05,9.82,9.82,70149785.0,799641424.0,19405546950.0,0.00361493469783391
2023-08-22,9.88,9.94,9.81,9.87,60680809.0,689991238.0,19405546950.0,0.0031269826692516905
2023-08-23,9.85,9.91,9.75,9.76,69180998.0,783102827.0,19405546950.0,0.0035650114979109103
2023-08-24,9.8,9.82,9.59,9.66,129127070.0,1439197084.0,19405546950.0,0.006654131951689205
2023-08-25,9.63,9.83,9.62,9.75,84534992.0,946760251.0,19405546950.0,0.004356228258745369
2023-08-28,10.27,10.35,9.97,10.0,199760987.0,2336205801.0,19405546950.0,0.010294014773956165
2023-08-29,9.95,9.97,9.66,9.81,196496143.0,2217588610.0,19405546950.0,0.010125771950993631
2023-08-30,9.78,9.78,9.66,9.66,137563829.0,1537573551.0,19405546950.0,0.007088892127310021
2023-08-31,9.67,9.74,9.65,9.66,80647403.0,900123575.0,19405546950.0,0.00415589435370179
2023-09-01,9.71,9.86,9.71,9.82,113870483.0,1285169019.0,19405546950.0,0.00586793473502173
2023-09-04,9.85,10.06,9.83,10.03,141002923.0,1621769196.0,19405546950.0,0.007266114341600662
2023-09-05,9.98,9.99,9.86,9.88,80417716.0,917888859.0,19405546950.0,0.004144058201874078
2023-09-06,9.83,9.94,9.81,9.92,63484051.0,721905682.0,19405546950.0,0.0032714383760257784
2023-09-07,9.89,9.93,9.82,9.83,54004157.0,613812176.0,19405546950.0,0.002782923724806427
2023-09-08,9.79,9.82,9.75,9.78,47902967.0,539624963.0,19405546950.0,0.002468519291078266
2023-09-11,9.81,9.89,9.78,9.84,65448558.0,741764911.0,19405546950.0,0.0033726726780045745
2023-09-12,9.85,9.85,9.76,9.79,49548506.0,559058536.0,19405546950.0,0.002553316643311618
2023-09-13,9.8,9.82,9.73,9.76,49021797.0,551747628.0,19405546950.0,0.002526174455495056
2023-09-14,9.79,9.83,9.76,9.8,55165017.0,622906053.0,19405546950.0,0.002842744764790049
2023-09-15,9.85,9.89,9.72,9.74,89047613.0,1005529161.0,19405546950.0,0.004588771098770808
2023-09-18,9.74,9.75,9.67,9.75,50132501.0,561449770.0,19405546950.0,0.002583410873662595
2023-09-19,9.74,9.75,9.68,9.73,50366432.0,564044044.0,19405546950.0,0.0025954657258449496
2023-09-20,9.72,9.74,9.68,9.68,55887241.0,624785495.0,19405546950.0,0.00287996216463252
2023-09-21,9.67,9.67,9.58,9.59,84393011.0,934673194.0,19405546950.0,0.004348911742474746
2023-09-22,9.57,9.76,9.57,9.75,91148430.0,1017137922.0,19405546950.0,0.004697029680990259
2023-09-25,9.75,9.82,9.71,9.74,76121125.0,856022502.0,19405546950.0,0.00392264774582919
2023-09-26,9.74,9.77,9.67,9.68,44498035.0,497885811.0,19405546950.0,0.002293057501272851
2023-09-27,9.68,9.74,9.68,9.69,49031061.0,547905821.0,19405546950.0,0.0025266518447706007
2023-09-28,9.71,9.75,9.7,9.72,52069678.0,583649730.0,19405546950.0,0.002683236815440546
2023-10-09,9.68,9.69,9.6,9.64,69582809.0,772959353.0,19405546950.0,0.003585717484762778
2023-10-10,9.71,9.72,9.56,9.56,82074851.0,910160342.0,19405546950.0,0.004229453115208381
2023-10-11,9.62,9.62,9.51,9.53,72411569.0,797663827.0,19405546950.0,0.00373148817637423
2023-10-12,9.64,9.68,9.58,9.64,85305750.0,947562325.0,19405546950.0,0.004395946696055377
2023-10-13,9.57,9.61,9.5,9.55,68448308.0,753110726.0,19405546950.0,0.0035272547677405197
2023-10-16,9.55,9.57,9.5,9.55,50162432.0,550988720.0,19405546950.0,0.002584953267704727
2023-10-17,9.55,9.59,9.51,9.56,49352505.0,543170901.0,19405546950.0,0.0025432163869001383
2023-10-18,9.54,9.56,9.47,9.5,65182492.0,713979896.0,19405546950.0,0.0033589618560068467
2023-10-19,9.47,9.48,9.19,9.2,118896083.0,1271914677.0,19405546950.0,0.006126912233205568
2023-10-20,9.16,9.26,9.12,9.2,52613912.0,557618632.0,19405546950.0,0.002711282095555673
2023-10-23,9.19,9.2,9.05,9.11,53040448.0,557032229.0,19405546950.0,0.002733262202640467
2023-10-24,9.15,9.21,9.06,9.16,76065269.0,801528404.0,19405546950.0,0.00391976939356507
2023-10-25,9.12,9.15,8.99,9.01,141144968.0,1470971924.0,19405546950.0,0.007273434155897368
2023-10-26,8.95,9.04,8.94,9.03,59999147.0,621915277.0,19405546950.0,0.0030918554965027665
2023-10-27,9.01,9.09,8.96,9.07,91977136.0,957587534.0,19405546950.0,0.0047397342747919815
2023-10-30,9.02,9.09,8.98,9.07,80568955.0,837646002.0,19405546950.0,0.004151851798230299
2023-10-31,9.05,9.1,9.03,9.08,65285523.0,682212138.0,19405546950.0,0.003364271214215892
2023-11-01,9.16,9.16,9.07,9.09,56730035.0,595211885.0,19405546950.0,0.0029233927364258083
2023-11-02,9.11,9.2,9.09,9.09,61942995.0,652316670.0,19405546950.0,0.003192025205968235
2023-11-03,9.1,9.13,9.05,9.09,70546347.0,738879704.0,19405546950.0,0.003635370195015297
2023-11-06,9.12,9.28,9.12,9.28,100706221.0,1069206838.0,19405546950.0,0.0051895584937377915
2023-11-07,9.25,9.25,9.18,9.2,64086612.0,679815569.0,19405546950.0,0.003302489343130831
2023-11-08,9.18,9.2,9.07,9.11,87781875.0,923622008.0,19405546950.0,0.004523545521606645
2023-11-09,9.08,9.13,9.05,9.1,63913648.0,669639052.0,19405546950.0,0.0032935762215143337
2023-11-10,9.07,9.09,8.93,8.94,104504417.0,1080649734.0,19405546950.0,0.005385285829317993
2023-11-13,8.95,8.96,8.87,8.89,77004310.0,789007118.0,19405546950.0,0.003968159732802584
2023-11-14,8.89,8.96,8.88,8.91,59685888.0,613377698.0,19405546950.0,0.0030757127409902765
2023-11-15,9.0,9.07,8.97,9.0,110914015.0,1152154780.0,19405546950.0,0.005715583038487869
2023-11-16,9.01,9.02,8.88,8.89,92262194.0,948395097.0,19405546950.0,0.004754423786029901
2023-11-17,8.87,8.89,8.78,8.81,90336217.0,917616681.0,19405546950.0,0.004655174998816511
2023-11-20,8.81,8.87,8.76,8.84,63952831.0,650077370.0,19405546950.0,0.0032955953864521196
2023-11-21,8.88,8.98,8.87,8.92,104116573.0,1072311504.0,19405546950.0,0.005365299585127128
2023-11-22,8.9,8.95,8.8,8.82,73748951.0,753064758.0,19405546950.0,0.0038004056876119125
2023-11-23,8.81,8.82,8.74,8.81,84665587.0,855904312.0,19405546950.0,0.0043629580355631255
2023-11-24,8.77,8.79,8.75,8.76,68469456.0,691423444.0,19405546950.0,0.0035283445592343894
2023-11-27,8.76,8.76,8.65,8.69,83618785.0,836268369.0,19405546950.0,0.004309014593376354
2023-11-28,8.67,8.7,8.63,8.63,78617469.0,784405805.0,19405546950.0,0.004051288489964463
2023-11-29,8.63,8.65,8.42,8.43,146759662.0,1438320264.0,19405546950.0,0.007562768644354031
2023-11-30,8.41,8.44,8.35,8.4,90176457.0,871481712.0,19405546950.0,0.004646942301206305
2023-12-01,8.37,8.4,8.31,8.38,77805699.0,749668364.0,19405546950.0,0.00400945663631501
2023-12-04,8.39,8.4,8.34,8.36,60543785.0,583664338.0,19405546950.0,0.003119921595407544
2023-12-05,8.34,8.35,8.22,8.23,78737848.0,750961220.0,19405546950.0,0.004057491819368688
2023-12-06,8.19,8.3,8.16,8.24,75305592.0,714029469.0,19405546950.0,0.003880621978552375
2023-12-07,8.24,8.24,8.14,8.19,58538019.0,552224831.0,19405546950.0,0.0030165611487698884
2023-12-08,8.17,8.2,8.07,8.07,102115150.0,957664581.0,19405546950.0,0.005262162940478212
2023-12-11,8.0,8.14,7.92,8.11,113366281.0,1044765735.0,19405546950.0,0.005841952370221649
2023-12-12,8.08,8.24,8.07,8.17,85501642.0,805067628.0,19405546950.0,0.004406041335516184
2023-12-13,8.14,8.15,7.94,7.95,106130165.0,981001231.0,19405546950.0,0.005469063318516771
2023-12-14,7.99,8.05,7.94,7.94,74290056.0,683211466.0,19405546950.0,0.003828289725170565
2023-12-15,7.98,8.11,7.97,7.99,98893942.0,915126127.0,19405546950.0,0.005096168752924534
2023-12-18,7.97,8.02,7.89,7.92,65442562.0,599379044.0,19405546950.0,0.003372363694185904
2023-12-19,7.91,7.96,7.87,7.9,64407088.0,586716664.0,19405546950.0,0.00331900400261586
2023-12-20,7.91,7.94,7.84,7.84,71563363.0,650511343.0,19405546950.0,0.0036877787152502805
2023-12-21,7.82,7.97,7.8,7.96,101704676.0,925407073.0,19405546950.0,0.005241010534876988
2023-12-22,7.97,8.05,7.91,7.98,100564502.0,924998769.0,19405546950.0,0.005182255478761447
2023-12-25,7.97,7.98,7.93,7.97,41397088.0,379638234.0,19405546950.0,0.0021332605623878074
2023-12-26,7.97,7.98,7.87,7.9,54189633.0,493746623.0,19405546950.0,0.0027924816105221913
2023-12-27,7.9,7.92,7.83,7.91,64153435.0,582036661.0,19405546950.0,0.003305932843083302
2023-12-28,7.91,8.22,7.88,8.2,166159184.0,1550256591.0,19405546950.0,0.008562458168693875
2023-12-29,8.17,8.23,8.11,8.15,85385279.0,803196744.0,19405546950.0,0.00440004495724868
2024-01-02,8.15,8.17,7.99,7.99,115836645.0,1075742252.0,19405546950.0,0.005969254321893771
2024-01-03,7.97,8.0,7.94,7.98,73361031.0,673673614.0,19405546950.0,0.0037804155270150736
2024-01-04,7.97,7.97,7.88,7.91,86419399.0,787470082.0,19405546950.0,0.0044533348749544
2024-01-05,7.9,8.19,7.87,8.04,199162216.0,1852659692.0,19405546950.0,0.010263159111833228
2024-01-08,8.01,8.07,7.91,7.94,112115619.0,1029006549.0,19405546950.0,0.005777503684326712
2024-01-09,7.95,7.97,7.89,7.97,76619388.0,700375720.0,19405546950.0,0.00394832406411508
2024-01-10,7.95,7.97,7.89,7.89,85862091.0,783771150.0,19405546950.0,0.004424615869948464
2024-01-11,7.88,8.0,7.84,7.96,93468637.0,853890237.0,19405546950.0,0.0048165937935596296
2024-01-12,7.92,8.04,7.91,7.97,77258215.0,711018266.0,19405546950.0,0.003981243878312845
2024-01-15,7.95,8.06,7.92,7.99,74513266.0,685950951.0,19405546950.0,0.0038397921064523255
2024-01-16,7.97,8.11,7.95,8.11,143831258.0,1334465409.0,19405546950.0,0.007411863132257656
2024-01-17,8.1,8.15,8.01,8.01,148229621.0,1380725065.0,19405546950.0,0.007638518068154735
2024-01-18,7.99,8.02,7.81,7.98,175513247.0,1597853727.0,19405546950.0,0.009044488539912039
2024-01-19,7.95,7.98,7.9,7.96,96398142.0,881865024.0,19405546950.0,0.004967556042010967
2024-01-22,7.95,8.04,7.84,7.9,158031966.0,1449858242.0,19405546950.0,0.008143649153882777
2024-01-23,7.85,7.97,7.78,7.95,113554458.0,1030898421.0,19405546950.0,0.005851649442944457
2024-01-24,8.01,8.11,7.87,8.1,175912316.0,1620099272.0,19405546950.0,0.009065053226958903
2024-01-25,8.1,8.28,8.04,8.24,216251395.0,2037648413.0,19405546950.0,0.011143792831873774
2024-01-26,8.22,8.39,8.19,8.35,227228706.0,2172799799.0,19405546950.0,0.011709471863146841
2024-01-29,8.41,8.57,8.31,8.42,237625184.0,2312173346.0,19405546950.0,0.012245219607170104
2024-01-30,8.34,8.42,8.24,8.24,157912214.0,1515156604.0,19405546950.0,0.008137478134827836
2024-01-31,8.21,8.3,8.14,8.21,135721747.0,1286857397.0,19405546950.0,0.006993966588506798
2024-02-01,8.17,8.23,8.11,8.17,105525987.0,993481907.0,19405546950.0,0.0054379290247214595
2024-02-02,8.17,8.22,7.87,8.04,163421431.0,1520605695.0,19405546950.0,0.008421377218641085
2024-02-05,7.97,8.18,7.91,8.14,180359190.0,1674566499.0,19405546950.0,0.009294208015095395
2024-02-06,8.07,8.4,8.06,8.4,199540954.0,1900324218.0,19405546950.0,0.010282676108750442
2024-02-07,8.35,8.39,8.23,8.34,206201497.0,1975435102.0,19405546950.0,0.01062590492972423
2024-02-08,8.31,8.39,8.26,8.39,165681384.0,1593505690.0,19405546950.0,0.008537836342716432
2024-02-19,8.47,8.51,8.37,8.51,160524265.0,1564088445.0,19405546950.0,0.00827208145246326
2024-02-20,8.5,8.54,8.44,8.52,112356398.0,1098987813.0,19405546950.0,0.005789911425299971
2024-02-21,8.49,9.37,8.48,9.37,505528460.0,5295259397.0,19405546950.0,0.02605071948255496
2024-02-22,9.24,9.47,9.22,9.46,492232512.0,5307736374.0,19405546950.0,0.02536555724341488
2024-02-23,9.44,9.75,9.41,9.42,356747950.0,3917316282.0,19405546950.0,0.018383813191104104
2024-02-26,9.35,9.44,9.11,9.14,286260888.0,3048205025.0,19405546950.0,0.014751498050406665
2024-02-27,9.1,9.2,9.08,9.11,198190492.0,2083027074.0,19405546950.0,0.010213084563432003
2024-02-28,9.12,9.29,9.02,9.1,308269265.0,3253340358.0,19405546950.0,0.015885626197204402
2024-02-29,9.04,9.19,9.03,9.19,184534423.0,1936020983.0,19405546950.0,0.009509364692243318
2024-03-01,9.19,9.2,9.05,9.1,182810290.0,1917689307.0,19405546950.0,0.009420517260916472
2024-03-04,9.07,9.11,8.96,8.96,165592954.0,1719562862.0,19405546950.0,0.008533279398239274
2024-03-05,8.94,9.09,8.9,9.05,181731907.0,1889144330.0,19405546950.0,0.009364946397452611
2024-03-06,9.02,9.07,8.96,8.96,134564016.0,1396940060.0,19405546950.0,0.006934306791079651
2024-03-07,8.96,9.23,8.96,9.01,201616589.0,2109589237.0,19405546950.0,0.010389637020769466
2024-03-08,8.98,9.06,8.94,9.01,111397428.0,1154491251.0,19405546950.0,0.005740494111659141
2024-03-11,9.01,9.09,8.97,9.09,121067298.0,1260212020.0,19405546950.0,0.006238798541053232
2024-03-12,9.09,9.19,9.03,9.16,164126237.0,1721999708.0,19405546950.0,0.008457697040072348
2024-03-13,9.14,9.16,8.94,8.96,176803911.0,1834654994.0,19405546950.0,0.009110998595172294
2024-03-14,8.94,9.01,8.85,8.88,140939973.0,1448499698.0,19405546950.0,0.007262870423757883
2024-03-15,9.16,9.33,9.11,9.2,375020789.0,3973799131.0,19405546950.0,0.019325442872920415
2024-03-18,9.16,9.21,9.1,9.15,167139651.0,1761249150.0,19405546950.0,0.008612983258377059
2024-03-19,9.14,9.15,9.02,9.02,129321558.0,1351069630.0,19405546950.0,0.006664154240702811
2024-03-20,9.01,9.09,9.0,9.07,87266316.0,910278573.0,19405546950.0,0.0044969779117717676
2024-03-21,9.07,9.13,9.04,9.09,86446625.0,905422294.0,19405546950.0,0.00445473787586286
2024-03-22,9.07,9.07,8.95,8.99,102814174.0,1065535606.0,19405546950.0,0.005298184805865521
2024-03-25,8.98,9.1,8.96,9.02,95320221.0,993304120.0,19405546950.0,0.004912008986172894
2024-03-26,9.07,9.25,9.04,9.2,174002146.0,1835376191.0,19405546950.0,0.008966619000656408
2024-03-27,9.16,9.22,9.12,9.14,127413599.0,1347397150.0,19405546950.0,0.006565833950895159
2024-03-28,9.12,9.17,9.01,9.1,130218892.0,1362980388.0,19405546950.0,0.006710395349098883
2024-03-29,9.07,9.17,9.05,9.13,87275898.0,917332316.0,19405546950.0,0.004497471688114413
2024-04-01,9.13,9.24,9.12,9.23,119108796.0,1261770380.0,19405546950.0,0.006137873686678025
2024-04-02,9.22,9.27,9.14,9.16,108545826.0,1149700800.0,19405546950.0,0.005593546333925929
2024-04-03,9.14,9.16,9.04,9.08,98184585.0,1028648883.0,19405546950.0,0.0050596144109197605
2024-04-08,9.04,9.1,9.0,9.05,90636052.0,945290441.0,19405546950.0,0.004670625993358049
2024-04-09,9.05,9.09,8.99,9.02,85715673.0,891468991.0,19405546950.0,0.004417070707713291
2024-04-10,9.01,9.03,8.91,8.92,124639082.0,1288696196.0,19405546950.0,0.006422858490984198
2024-04-11,8.89,8.93,8.78,8.89,101021340.0,1030820137.0,19405546950.0,0.005205797098133325
2024-04-12,8.87,8.91,8.71,8.73,130545371.0,1322011754.0,19405546950.0,0.006727219353124185
2024-04-15,8.74,8.96,8.73,8.93,145320260.0,1486326196.0,19405546950.0,0.007488593873413086
2024-04-16,8.92,9.02,8.87,8.92,147803643.0,1523138499.0,19405546950.0,0.007616566715734853
2024-04-17,8.9,9.22,8.86,9.22,223264057.0,2337576587.0,19405546950.0,0.01150516692857245
2024-04-18,9.18,9.57,9.16,9.37,316591426.0,3427338982.0,19405546950.0,0.01631448094793329
2024-04-19,9.29,9.39,9.25,9.28,145767502.0,1562376147.0,19405546950.0,0.007511640994999113
2024-04-22,9.23,9.38,9.07,9.11,200981837.0,2125722741.0,19405546950.0,0.010356927198076219
2024-04-23,9.12,9.24,9.08,9.15,124002700.0,1308866093.0,19405546950.0,0.006390064671689143
2024-04-24,9.13,9.17,9.08,9.14,94156774.0,989093538.0,19405546950.0,0.00485205463379119
2024-04-25,9.11,9.22,9.09,9.21,111381224.0,1176304525.0,19405546950.0,0.005739659092680199
2024-04-26,9.19,9.26,9.09,9.2,160762751.0,1698581437.0,19405546950.0,0.008284371031345756
2024-04-29,9.16,9.46,9.13,9.38,216917737.0,2337350884.0,19405546950.0,0.01117813053962903
2024-04-30,9.37,9.44,9.31,9.36,132455653.0,1431407709.0,19405546950.0,0.006825659350972326
2024-05-06,9.51,9.64,9.41,9.45,178410057.0,1953817493.0,19405546950.0,0.009193765960819774
2024-05-07,9.43,9.45,9.34,9.44,108705665.0,1176786413.0,19405546950.0,0.005601783102537081
2024-05-08,9.41,9.44,9.29,9.31,122179127.0,1318612000.0,19405546950.0,0.006296092932335515
2024-05-09,9.29,9.39,9.29,9.34,106946063.0,1150726858.0,19405546950.0,0.005511107894848591
2024-05-10,9.35,9.51,9.34,9.49,176783561.0,1923452177.0,19405546950.0,0.00910994992594115
2024-05-13,9.46,9.55,9.38,9.52,140249860.0,1530058920.0,19405546950.0,0.007227307756971004
2024-05-14,9.55,9.6,9.44,9.47,107578391.0,1176577328.0,19405546950.0,0.005543692804803938
2024-05-15,9.46,9.48,9.38,9.4,86829660.0,942907951.0,19405546950.0,0.004474476304312566
2024-05-16,9.42,9.73,9.4,9.69,307629165.0,3410151917.0,19405546950.0,0.015852640783206577
2024-05-17,9.7,9.91,9.66,9.91,284174885.0,3200736554.0,19405546950.0,0.01464400285816216
2024-05-20,9.92,10.01,9.81,9.88,217021030.0,2475290152.0,19405546950.0,0.011183453399132355
2024-05-21,9.82,10.08,9.81,10.02,203004941.0,2336192875.0,19405546950.0,0.010461181100592477
2024-05-22,10.03,10.19,9.94,10.03,211553138.0,2458448970.0,19405546950.0,0.010901683861067364
2024-05-23,10.01,10.06,9.87,9.89,184162290.0,2110799282.0,19405546950.0,0.009490188061924223
2024-05-24,9.87,9.97,9.81,9.81,139827584.0,1593330336.0,19405546950.0,0.007205547174747373
2024-05-27,9.81,10.01,9.81,9.99,145436143.0,1663272118.0,19405546950.0,0.007494565516484966
2024-05-28,9.98,10.05,9.86,9.89,120432285.0,1377107204.0,19405546950.0,0.006206075268597363
2024-05-29,9.88,9.94,9.75,9.77,144481111.0,1635445613.0,19405546950.0,0.007445351134511568
2024-05-30,9.75,9.84,9.6,9.65,132549635.0,1481608711.0,19405546950.0,0.0068305023992122
2024-05-31,9.67,9.71,9.64,9.64,82670676.0,921248146.0,19405546950.0,0.004260156965068176
2024-06-03,9.65,9.66,9.47,9.53,132669675.0,1456086024.0,19405546950.0,0.006836688259384516
2024-06-04,9.5,9.59,9.47,9.56,98100495.0,1079356561.0,19405546950.0,0.005055281113836372
2024-06-05,9.58,9.61,9.43,9.43,101896775.0,1114155999.0,19405546950.0,0.005250909714760707
2024-06-06,9.46,9.53,9.44,9.46,104933153.0,1145989426.0,19405546950.0,0.005407379306049397
2024-06-07,9.48,9.55,9.45,9.54,117012604.0,1281662986.0,19405546950.0,0.006029853438374743
2024-06-11,9.53,9.56,9.36,9.43,133762854.0,1452841957.0,19405546950.0,0.006893021585253489
2024-06-12,9.42,9.47,9.35,9.44,95742635.0,1037927497.0,19405546950.0,0.004933776679765267
2024-06-13,9.45,9.48,9.37,9.37,120350779.0,1304403407.0,19405546950.0,0.006201875129317084
2024-06-14,9.44,9.51,9.29,9.46,163799047.0,1657433955.0,19405546950.0,0.008440836397038529
2024-06-17,9.42,9.45,9.37,9.39,68121702.0,688669914.0,19405546950.0,0.0035104242191947082
2024-06-18,9.4,9.45,9.33,9.37,70065308.0,707829472.0,19405546950.0,0.003610581457999049
2024-06-19,9.39,9.49,9.37,9.44,79618418.0,807676192.0,19405546950.0,0.00410286905105759
2024-06-20,9.45,9.45,9.34,9.34,62962757.0,635070262.0,19405546950.0,0.003244575232134851
2024-06-21,9.34,9.38,9.25,9.3,83054528.0,831176895.0,19405546950.0,0.004279937494882102
2024-06-24,9.27,9.36,9.19,9.28,94708154.0,944907466.0,19405546950.0,0.004880468159131171
2024-06-25,9.29,9.42,9.28,9.37,76999281.0,775332072.0,19405546950.0,0.003967900580096765
2024-06-26,9.35,9.42,9.32,9.37,62859871.0,633763882.0,19405546950.0,0.00323927334601615
2024-06-27,9.35,9.49,9.3,9.42,92888197.0,938954398.0,19405546950.0,0.0047866827582512435
2024-06-28,9.39,9.54,9.38,9.44,91808992.0,933947813.0,19405546950.0,0.004731069535764876
2024-07-01,9.38,9.62,9.33,9.62,134305149.0,1372549620.0,19405617528.0,0.006920941774010213
2024-07-02,9.58,9.74,9.56,9.67,138438570.0,1440864391.0,19405617528.0,0.007133943034806782
2024-07-03,9.67,9.7,9.57,9.58,71306746.0,737326421.0,19405617528.0,0.00367454145157261
2024-07-04,9.58,9.65,9.53,9.54,73504424.0,757464387.0,19405617528.0,0.0037877910297851565
2024-07-05,9.54,9.57,9.22,9.27,171335386.0,1721256576.0,19405617528.0,0.008829164325885708
2024-07-08,9.24,9.32,9.16,9.23,86865962.0,864791776.0,19405617528.0,0.004476330726124161
2024-07-09,9.24,9.39,9.21,9.36,103248530.0,1034316511.0,19405617528.0,0.00532054853967026
2024-07-10,9.36,9.48,9.34,9.43,87386511.0,886626727.0,19405617528.0,0.004503155381368908
2024-07-11,9.49,9.51,9.36,9.42,72139225.0,731789332.0,19405617528.0,0.0037174403182950334
2024-07-12,9.41,9.58,9.41,9.58,121416369.0,1246877666.0,19405617528.0,0.006256763992426966
2024-07-15,9.58,9.62,9.54,9.6,86941247.0,896975833.0,19405617528.0,0.004480210272852905
2024-07-16,9.6,9.64,9.52,9.58,94300811.0,971564895.0,19405617528.0,0.004859459425289359
2024-07-17,9.58,9.69,9.56,9.67,122016835.0,1266412580.0,19405617528.0,0.006287706888170099
2024-07-18,9.65,9.7,9.58,9.68,108706102.0,1127365071.0,19405617528.0,0.005601785248171052
2024-07-19,9.65,9.69,9.57,9.64,89872324.0,929722662.0,19405617528.0,0.004631252979727387
2024-07-22,9.63,9.65,9.47,9.51,99448087.0,1018663806.0,19405617528.0,0.005124706124734667
2024-07-23,9.53,9.6,9.45,9.46,102015363.0,1046994471.0,19405617528.0,0.005257001631244353
2024-07-24,9.46,9.52,9.41,9.42,72451757.0,736332832.0,19405617528.0,0.0037335455517177292
2024-07-25,9.41,9.44,9.3,9.38,85640443.0,861750366.0,19405617528.0,0.004413177930381809
2024-07-26,9.39,9.41,9.27,9.32,92955195.0,931879546.0,19405617528.0,0.004790117854578794
2024-07-29,9.32,9.43,9.27,9.4,78155243.0,788019059.0,19405617528.0,0.004027454570164092
2024-07-30,9.39,9.42,9.32,9.37,61326795.0,618056610.0,19405617528.0,0.0031602599047163907
2024-07-31,9.37,9.56,9.36,9.55,109690634.0,1117768675.0,19405617528.0,0.005652519629521166
2024-08-01,9.53,9.59,9.45,9.55,73388377.0,752688220.0,19405617528.0,0.0037818109572709704
2024-08-02,9.5,9.53,9.42,9.43,59022876.0,601173371.0,19405617528.0,0.0030415355715857537
2024-08-05,9.4,9.5,9.34,9.34,75897852.0,768980625.0,19405617528.0,0.003911127893275667
2024-08-06,9.36,9.41,9.19,9.23,126553691.0,1261997757.0,19405617528.0,0.006521497747618598
2024-08-07,9.25,9.28,9.21,9.23,51760842.0,514848813.0,19405617528.0,0.0026673122834310866
2024-08-08,9.22,9.28,9.2,9.24,50041067.0,497548149.0,19405617528.0,0.0025786897493881187
2024-08-09,9.26,9.39,9.24,9.33,73027396.0,732886456.0,19405617528.0,0.0037632090756519417
2024-08-12,9.32,9.34,9.28,9.31,35301346.0,353251351.0,19405617528.0,0.0018191302569508213
2024-08-13,9.32,9.32,9.22,9.25,62207720.0,620061492.0,19405617528.0,0.0032056552650407363
2024-08-14,9.24,9.28,9.21,9.22,43638038.0,433380447.0,19405617528.0,0.0022487322517325456
2024-08-15,9.22,9.35,9.18,9.32,77624747.0,775851461.0,19405617528.0,0.004000117331385961
2024-08-16,9.37,9.49,9.34,9.42,126036761.0,1277042001.0,19405617528.0,0.006494859584764254
2024-08-19,9.42,9.58,9.41,9.57,148298526.0,1520594688.0,19405617528.0,0.007642041062904742
2024-08-20,9.59,9.7,9.56,9.61,156918665.0,1623147686.0,19405617528.0,0.008086249498300429
2024-08-21,9.58,9.65,9.49,9.62,103488781.0,1068207868.0,19405617528.0,0.005332929026900483
2024-08-22,9.61,9.72,9.59,9.65,110903039.0,1153871816.0,19405617528.0,0.005714996641564232
2024-08-23,9.66,9.76,9.59,9.73,107190571.0,1117475768.0,19405617528.0,0.0055236877077133335
2024-08-26,9.76,9.81,9.69,9.75,74067524.0,775921849.0,19405617528.0,0.0038168084006154077
2024-08-27,9.73,9.78,9.64,9.7,72313658.0,755583764.0,19405617528.0,0.0037264291072242346
2024-08-28,9.68,9.7,9.56,9.6,94254754.0,973872155.0,19405617528.0,0.004857086040369578
2024-08-29,9.58,9.65,9.4,9.42,119767631.0,1221351092.0,19405617528.0,0.006171802099427629
2024-08-30,9.4,9.54,9.4,9.45,129405908.0,1318858688.0,19405617528.0,0.006668476682758622
2024-09-02,9.41,9.49,9.38,9.4,96883550.0,983898751.0,19405617528.0,0.004992551762921667
2024-09-03,9.4,9.42,9.3,9.37,91658122.0,920884663.0,19405617528.0,0.0047232777760227536
2024-09-04,9.34,9.44,9.3,9.32,84799233.0,852224670.0,19405617528.0,0.00436982914239368
2024-09-05,9.32,9.37,9.28,9.36,59420876.0,595845843.0,19405617528.0,0.003062045096697528
2024-09-06,9.35,9.49,9.34,9.37,87886543.0,891507834.0,19405617528.0,0.004528922765440995
2024-09-09,9.34,9.36,9.15,9.16,163917451.0,1624857668.0,19405617528.0,0.00844690723000629
2024-09-10,9.17,9.22,9.09,9.2,76790114.0,756124764.0,19405617528.0,0.0039571074658768775
2024-09-11,9.19,9.19,8.95,8.97,110872704.0,1078602468.0,19405617528.0,0.005713433434417836
2024-09-12,8.97,9.08,8.93,9.06,58183405.0,564923216.0,19405617528.0,0.0029982763968241805
2024-09-13,9.05,9.13,9.02,9.02,56646190.0,553269704.0,19405617528.0,0.0029190614479681605
2024-09-18,9.04,9.09,8.98,9.08,44361099.0,431665627.0,19405617528.0,0.002285992648056276
2024-09-19,9.1,9.15,9.0,9.12,68429311.0,669341182.0,19405617528.0,0.0035262629958188467
2024-09-20,9.12,9.2,9.09,9.2,79729714.0,785121199.0,19405617528.0,0.0041085893754712775
2024-09-23,9.19,9.38,9.18,9.33,89690755.0,897428030.0,19405617528.0,0.004621896462227337
2024-09-24,9.4,9.64,9.37,9.64,163821319.0,1678174482.0,19405617528.0,0.008441953406719745
2024-09-25,9.78,9.95,9.72,9.76,216069398.0,2285995369.0,19405617528.0,0.011134373729062605
2024-09-26,9.76,10.37,9.76,10.37,308645720.0,3341759456.0,19405617528.0,0.015904967700958804
2024-09-27,10.55,10.75,10.25,10.62,384001637.0,4337985143.0,19405617528.0,0.01978816888696952
2024-09-30,10.8,11.44,10.75,11.35,543028364.0,6467438838.0,19405617528.0,0.027983049919255317
2024-10-08,12.49,12.49,11.47,11.97,588897778.0,7602664024.0,19405617528.0,0.030346768256680853
2024-10-09,11.74,11.74,10.84,10.86,426934506.0,5172049702.0,19405617528.0,0.022000562743441907
2024-10-10,11.04,11.64,11.02,11.38,342642168.0,4095573501.0,19405617528.0,0.017656854645599816
2024-10-11,11.4,11.56,11.0,11.13,207089057.0,2455848197.0,19405617528.0,0.01067160355506312
2024-10-14,11.38,11.57,11.2,11.42,240059509.0,2881934272.0,19405617528.0,0.012370619417476546
2024-10-15,11.34,11.61,11.28,11.3,207284077.0,2500974427.0,19405617528.0,0.010681653222367889
2024-10-16,11.21,11.57,11.18,11.45,191449353.0,2301340929.0,19405617528.0,0.009865666615543738
2024-10-17,11.46,11.61,11.33,11.35,165370809.0,1993261646.0,19405617528.0,0.008521800904371612
2024-10-18,11.31,11.57,11.09,11.43,260465416.0,3105820973.0,19405617528.0,0.013422165804524353
2024-10-21,11.34,11.34,11.04,11.22,280665467.0,3302020181.0,19405617528.0,0.01446310412925706
2024-10-22,11.17,11.33,11.13,11.2,161778713.0,1908438725.0,19405617528.0,0.008336694916643211
2024-10-23,11.23,11.29,11.16,11.26,151186604.0,1787236762.0,19405617528.0,0.007790867968095099
2024-10-24,11.22,11.26,11.13,11.16,88529942.0,1042818619.0,19405617528.0,0.004562078061791222
2024-10-25,11.18,11.19,11.1,11.12,110575468.0,1296844369.0,19405617528.0,0.00569811642636225
2024-10-28,11.09,11.09,10.95,11.05,116948698.0,1356008963.0,19405617528.0,0.006026538337739416
2024-10-29,11.04,11.15,10.95,10.96,119802482.0,1391150259.0,19405617528.0,0.006173598022693133
2024-10-30,10.92,11.0,10.7,10.75,148240279.0,1686501658.0,19405617528.0,0.007639039509364075
2024-10-31,10.76,10.86,10.67,10.81,125020539.0,1419624319.0,19405617528.0,0.006442492171125718
2024-11-01,10.81,10.97,10.77,10.85,158981111.0,1821423447.0,19405617528.0,0.008192530372744344
2024-11-04,10.85,10.88,10.69,10.88,113151611.0,1285874126.0,19405617528.0,0.0058308688624175795
2024-11-05,10.85,11.07,10.82,11.06,166541840.0,1925260700.0,19405617528.0,0.008582145853369517
2024-11-06,11.04,11.05,10.89,10.97,146228636.0,1689977501.0,19405617528.0,0.007535376588197178
2024-11-07,10.92,11.33,10.9,11.31,224284379.0,2627007561.0,19405617528.0,0.011557703777083326
2024-11-08,11.34,11.41,11.11,11.13,189510415.0,2239060534.0,19405617528.0,0.00976575028991265
2024-11-11,11.04,11.09,10.89,11.02,148695164.0,1717961562.0,19405617528.0,0.007662480402154198
2024-11-12,11.0,11.24,10.93,10.96,171766255.0,2005791408.0,19405617528.0,0.008851367638889189
2024-11-13,10.92,11.11,10.9,11.03,108626328.0,1260161857.0,19405617528.0,0.005597674376672895
2024-11-14,11.01,11.11,10.95,10.96,115978311.0,1348378229.0,19405617528.0,0.005976532869034293
2024-11-15,10.92,11.03,10.85,10.86,121578351.0,1399308729.0,19405617528.0,0.006265111163021578
2024-11-18,11.04,11.43,11.04,11.16,379732445.0,4493249093.0,19405617528.0,0.01956817114694192
2024-11-19,11.16,11.36,10.97,11.09,243003665.0,2849661696.0,19405617528.0,0.012522336104448858
2024-11-20,11.08,11.16,11.03,11.05,128657248.0,1498818034.0,19405617528.0,0.006629897132331032
2024-11-21,11.04,11.06,10.98,11.01,88340806.0,1023998432.0,19405617528.0,0.004552331605656698
2024-11-22,11.01,11.03,10.71,10.71,162531744.0,1858071592.0,19405617528.0,0.00837549971112674
2024-11-25,10.71,10.77,10.58,10.62,116602032.0,1310130629.0,19405617528.0,0.0060086741291153
2024-11-26,10.62,10.74,10.58,10.7,83107820.0,933733855.0,19405617528.0,0.004282668143906541
2024-11-27,10.67,10.82,10.59,10.82,89517805.0,1010001964.0,19405617528.0,0.004612984094468339
2024-11-28,10.82,10.85,10.75,10.77,73316854.0,833121339.0,19405617528.0,0.0037781252719328562
2024-11-29,10.8,10.88,10.77,10.81,102848758.0,1173316154.0,19405617528.0,0.005299947700793416
2024-12-02,10.82,10.83,10.74,10.82,97543366.0,1108785597.0,19405617528.0,0.0050265530514170195
2024-12-03,10.8,10.92,10.78,10.91,108255936.0,1236992678.0,19405617528.0,0.005578587532388472
2024-12-04,10.86,10.95,10.8,10.88,100747059.0,1154623370.0,19405617528.0,0.005191644061552484
2024-12-05,10.86,10.92,10.84,10.86,68710883.0,786137964.0,19405617528.0,0.003540772814926315
2024-12-06,10.86,11.11,10.85,11.07,172626927.0,2004270466.0,19405617528.0,0.008895719332348988
2024-12-09,11.04,11.13,11.01,11.08,96406316.0,1123441855.0,19405617528.0,0.004967959193305606
2024-12-10,11.3,11.35,11.16,11.2,216780724.0,2564600677.0,19405617528.0,0.011171029403584358
2024-12-11,11.2,11.23,11.13,11.14,96769145.0,1138374175.0,19405617528.0,0.004986656305081435
2024-12-12,11.14,11.27,11.12,11.25,98623459.0,1164062448.0,19405617528.0,0.005082211831584234
2024-12-13,11.2,11.21,10.98,10.98,134379289.0,1565589089.0,19405617528.0,0.006924762317205658
2024-12-16,10.98,11.07,10.95,10.99,80571778.0,934226189.0,19405617528.0,0.004151982171334898
2024-12-17,10.99,11.06,10.94,10.95,80211995.0,929225455.0,19405617528.0,0.004133442024417086
2024-12-18,11.0,11.15,10.99,11.06,101658966.0,1186285805.0,19405617528.0,0.0052386359698844
2024-12-19,11.01,11.05,10.96,11.01,69737904.0,808465664.0,19405617528.0,0.003593696716910786
2024-12-20,11.01,11.11,11.0,11.04,71464627.0,831437460.0,19405617528.0,0.0036826772916082177
2024-12-23,11.05,11.24,11.05,11.14,165940476.0,1953519499.0,19405617528.0,0.008551156682366208
2024-12-24,11.13,11.27,11.13,11.26,135083691.0,1595698790.0,19405617528.0,0.00696106118782823
2024-12-25,11.26,11.42,11.24,11.32,147528294.0,1759956630.0,19405617528.0,0.007602349875603505
2024-12-26,11.32,11.33,11.19,11.26,100007470.0,1183745519.0,19405617528.0,0.0051535319530904445
2024-12-27,11.27,11.3,11.07,11.23,129001228.0,1518383345.0,19405617528.0,0.0066476229274263785
2024-12-30,11.19,11.37,11.19,11.35,135184636.0,1610892096.0,19405617528.0,0.006966263032080511
2024-12-31,11.33,11.39,11.11,11.11,147536733.0,1747242074.0,19405571850.0,0.007602802645571096
2025-01-02,11.14,11.18,10.82,10.85,181959699.0,2102923078.0,19405571850.0,0.009376672865221439
2025-01-03,10.86,10.96,10.79,10.81,115468044.0,1320520978.0,19405571850.0,0.005950252066392983
2025-01-06,10.81,10.9,10.66,10.86,108553630.0,1234305778.0,19405571850.0,0.005593941309181259
2025-01-07,10.85,10.95,10.8,10.93,74786288.0,858329049.0,19405571850.0,0.003853856437629278
2025-01-08,10.92,11.04,10.83,10.92,106238601.0,1223598997.0,19405571850.0,0.005474644180609395
2025-01-09,10.92,10.92,10.78,10.83,75148330.0,857836086.0,19405571850.0,0.0038725130380530375
2025-01-10,10.83,10.88,10.71,10.73,79813351.0,905005041.0,19405571850.0,0.004112908994227862
2025-01-13,10.68,10.69,10.52,10.64,93496618.0,1044904416.0,19405571850.0,0.004818029518671463
2025-01-14,10.64,10.83,10.63,10.81,82462895.0,934467766.0,19405571850.0,0.004249444213106248
2025-01-15,10.81,11.0,10.79,10.9,103163082.0,1185403653.0,19405571850.0,0.005316157792072487
2025-01-16,10.97,11.01,10.89,10.99,87296399.0,1007689274.0,19405571850.0,0.004498522366399627
2025-01-17,10.95,10.97,10.85,10.87,68976486.0,791230419.0,19405571850.0,0.0035544680946879696
2025-01-20,10.92,10.94,10.83,10.85,83202913.0,953092179.0,19405571850.0,0.004287578518331579
2025-01-21,10.87,10.87,10.75,10.76,90206894.0,1024879174.0,19405571850.0,0.00464850480559273
2025-01-22,10.75,10.76,10.52,10.53,134712922.0,1504818607.0,19405571850.0,0.006941971256569798
2025-01-23,10.61,10.83,10.61,10.75,151492027.0,1715172472.0,19405571850.0,0.007806625239956533
2025-01-24,10.75,10.82,10.66,10.77,94494421.0,1069899088.0,19405571850.0,0.00486944789519305
2025-01-27,10.81,10.97,10.81,10.89,115193471.0,1324270607.0,19405571850.0,0.005936102882739836
2025-02-05,10.92,10.94,10.76,10.8,84343370.0,961193579.0,19405571850.0,0.004346348082496729
2025-02-06,10.78,10.87,10.73,10.79,95560325.0,1084793176.0,19405571850.0,0.004924375624622472
2025-02-07,10.79,10.87,10.74,10.81,140749262.0,1601621980.0,19405571850.0,0.007253033463170012
2025-02-10,10.81,10.92,10.79,10.85,102659093.0,1174044624.0,19405571850.0,0.005290186436840304
2025-02-11,10.83,10.89,10.8,10.85,84452003.0,963865615.0,19405571850.0,0.004351946113868322
2025-02-12,10.84,10.85,10.77,10.85,98880683.0,1125323633.0,19405571850.0,0.005095478956473009
2025-02-13,10.85,10.97,10.83,10.92,135863927.0,1560709511.0,19405571850.0,0.00700128437596133
2025-02-14,10.91,10.97,10.85,10.97,97305774.0,1118355997.0,19405571850.0,0.005014321389348802
2025-02-17,11.02,11.21,10.97,11.19,206196542.0,2413146067.0,19405571850.0,0.0106256359562009
2025-02-18,11.17,11.36,11.17,11.22,199661049.0,2371071467.0,19405571850.0,0.010288851601144648
2025-02-19,11.21,11.22,11.09,11.12,117774895.0,1382467174.0,19405571850.0,0.00606912776961015
2025-02-20,11.12,11.17,11.06,11.07,78439627.0,917231443.0,19405571850.0,0.004042118810325087
2025-02-21,11.1,11.12,10.97,11.05,97396897.0,1131033824.0,19405571850.0,0.0050190171025544916
2025-02-24,11.04,11.1,10.98,11.01,94995617.0,1103548964.0,19405571850.0,0.004895275322690375
2025-02-25,10.98,11.0,10.88,10.89,91715602.0,1055685157.0,19405571850.0,0.004726250929832815
2025-02-26,10.89,11.02,10.89,10.94,84164552.0,970641211.0,19405571850.0,0.004337133306380765
2025-02-27,10.95,11.04,10.88,11.04,97730975.0,1130386662.0,19405571850.0,0.005036232673555559
2025-02-28,11.0,11.09,10.92,10.95,94908806.0,1100335054.0,19405571850.0,0.004890801813706922
2025-03-03,10.94,10.98,10.87,10.93,83045695.0,955266366.0,19405571850.0,0.004279476824590459
2025-03-04,10.89,10.97,10.86,10.93,68317873.0,785447989.0,19405571850.0,0.003520528718662831
2025-03-05,10.94,11.08,10.9,11.07,108064544.0,1254892074.0,19405571850.0,0.005568737929256128
2025-03-06,11.1,11.11,11.02,11.04,87740771.0,1021780609.0,19405571850.0,0.004521421562745651
2025-03-07,11.04,11.1,11.02,11.08,83553669.0,973236690.0,19405571850.0,0.0043056535332144825
2025-03-10,11.07,11.08,10.97,11.01,66383393.0,769261385.0,19405571850.0,0.003420841885677283
2025-03-11,10.96,11.03,10.94,11.03,60897527.0,704240464.0,19405571850.0,0.00313814648033678
2025-03-12,11.02,11.27,10.98,11.25,187731840.0,2210904482.0,19405571850.0,0.009674120476897979
2025-03-13,11.22,11.31,11.19,11.24,131237121.0,1555123174.0,19405571850.0,0.006762857699552925
2025-03-14,11.23,11.4,11.23,11.37,172241765.0,2057970454.0,19405571850.0,0.008875892260809619
2025-03-17,11.04,11.08,10.88,10.92,460361210.0,5315522817.0,19405571850.0,0.023723145782998403
2025-03-18,10.94,10.96,10.9,10.91,160529000.0,1846500421.0,19405571850.0,0.008272314840337983
2025-03-19,10.9,10.95,10.88,10.94,136245491.0,1566452161.0,19405571850.0,0.007020946976112946
2025-03-20,10.93,11.03,10.91,10.91,110115724.0,1268849140.0,19405571850.0,0.005674438498961318
2025-03-21,10.91,10.94,10.82,10.85,137638897.0,1576151833.0,19405571850.0,0.007092751404798205
2025-03-24,10.84,10.86,10.77,10.81,116457734.0,1325564002.0,19405571850.0,0.006001252367113314
2025-03-25,10.81,10.85,10.79,10.85,73560888.0,839142044.0,19405571850.0,0.0037907096254934636
2025-03-26,10.85,10.85,10.8,10.81,74086307.0,843536936.0,19405571850.0,0.0038177853027299476
2025-03-27,10.8,10.84,10.78,10.82,55334940.0,629863383.0,19405571850.0,0.0028514975197703333
2025-03-28,10.82,10.83,10.77,10.78,64494555.0,732420874.0,19405571850.0,0.0033235070575876897
2025-03-31,10.79,10.81,10.69,10.69,111612564.0,1262598263.0,19405571850.0,0.005751573046274336
2025-04-01,10.7,10.73,10.66,10.7,68147042.0,767424131.0,19405571850.0,0.003511725525367602
2025-04-02,10.68,10.84,10.68,10.8,93264176.0,1058747241.0,19405571850.0,0.004806051412496767
2025-04-03,10.74,10.82,10.73,10.77,64391391.0,730375808.0,19405571850.0,0.003318190852489616
2025-04-07,10.45,10.49,9.95,10.16,254556048.0,2751055412.0,19405571850.0,0.013117678261050576
2025-04-08,10.14,10.3,10.12,10.28,146398771.0,1576590040.0,19405571850.0,0.007544161652726559
2025-04-09,10.19,10.29,10.12,10.26,106439405.0,1145238958.0,19405571850.0,0.005484991930294494
2025-04-10,10.31,10.38,10.28,10.35,86654805.0,943352302.0,19405571850.0,0.004465460006529001
2025-04-11,10.32,10.35,10.29,10.34,58387902.0,634311780.0,19405571850.0,0.003008821510199402
2025-04-14,10.4,10.48,10.37,10.38,78599345.0,862557144.0,19405571850.0,0.004050349333044777
2025-04-15,10.37,10.42,10.35,10.4,72275410.0,790139077.0,19405571850.0,0.0037244668984078404
2025-04-16,10.38,10.46,10.36,10.45,84282217.0,923316063.0,19405571850.0,0.004343196771086136
2025-04-17,10.4,10.52,10.38,10.5,82391931.0,907597513.0,19405571850.0,0.004245787325252154
2025-04-18,10.48,10.63,10.47,10.62,72709815.0,810031605.0,19405571850.0,0.0037468524793821006
2025-04-21,10.45,10.57,10.42,10.47,111418418.0,1230804536.0,19405571850.0,0.0057415683939249645
2025-04-22,10.47,10.5,10.43,10.48,83112887.0,915967678.0,19405571850.0,0.0042829393352816865
2025-04-23,10.48,10.49,10.42,10.46,58638293.0,645842400.0,19405571850.0,0.0030217245569086385
2025-04-24,10.45,10.5,10.44,10.47,68925613.0,760348555.0,19405571850.0,0.0035518465280372554
2025-04-25,10.48,10.49,10.44,10.46,63754686.0,702315255.0,19405571850.0,0.003285380430569481
2025-04-28,10.45,10.48,10.41,10.45,64201837.0,706520176.0,19405571850.0,0.003308422833208082
2025-04-29,10.45,10.47,10.4,10.43,64904494.0,712792543.0,19405571850.0,0.0033446318666460737
2025-04-30,10.41,10.42,10.34,10.36,86983492.0,949911030.0,19405571850.0,0.004482397770720681
2025-05-06,10.37,10.45,10.34,10.41,85467127.0,935212114.0,19405571850.0,0.004404257069085032
2025-05-07,10.46,10.48,10.42,10.47,112627001.0,1240098147.0,19405571850.0,0.005803848599287735
2025-05-08,10.45,10.52,10.44,10.52,105661366.0,1167913498.0,19405571850.0,0.005444898342431481
2025-05-09,10.51,10.61,10.5,10.59,99989747.0,1113688153.0,19405571850.0,0.005152630789388461
2025-05-12,10.6,10.66,10.57,10.6,89560460.0,1000478411.0,19405571850.0,0.004615193032819592
2025-05-13,10.63,10.76,10.59,10.72,126103062.0,1420501315.0,19405571850.0,0.006498291468797916
2025-05-14,10.72,10.89,10.68,10.85,168351358.0,1912995433.0,19405571850.0,0.008675413396797168
2025-05-15,10.85,10.92,10.81,10.82,103546026.0,1183732832.0,19405571850.0,0.0053358915058202725
2025-05-16,10.8,10.85,10.74,10.81,91474445.0,1039223623.0,19405571850.0,0.004713823725838824
2025-05-19,10.83,10.89,10.79,10.8,83139060.0,949883545.0,19405571850.0,0.00428428807162413
2025-05-20,10.83,10.89,10.8,10.82,64363480.0,734455266.0,19405571850.0,0.0033167525542412706
2025-05-21,10.83,11.01,10.82,10.9,132827810.0,1528350368.0,19405571850.0,0.006844828435189865
2025-05-22,10.87,10.98,10.86,10.97,100296806.0,1155265064.0,19405571850.0,0.0051684540283207375
2025-05-23,10.97,11.02,10.85,10.88,96264311.0,1108636101.0,19405571850.0,0.004960653143545471
2025-05-26,10.86,10.92,10.83,10.85,69915858.0,800495685.0,19405571850.0,0.0036028754287908294
2025-05-27,10.87,10.96,10.85,10.91,80191514.0,921912281.0,19405571850.0,0.004132396335437031
2025-05-28,10.92,10.97,10.86,10.95,65817947.0,757571319.0,19405571850.0,0.003391703553430712
2025-05-29,10.94,10.97,10.87,10.88,91980676.0,1056726384.0,19405571850.0,0.0047399106148989885
2025-05-30,10.89,11.0,10.86,10.98,113084931.0,1303433716.0,19405571850.0,0.005827446460950338
2025-06-03,10.96,11.31,10.95,11.22,219247966.0,2580962601.0,19405571850.0,0.011298196605321888
2025-06-04,11.23,11.28,11.19,11.24,116795950.0,1383019682.0,19405571850.0,0.006018681175839711
2025-06-05,11.28,11.31,11.07,11.08,116680349.0,1369212336.0,19405571850.0,0.0060127240723390485
2025-06-06,11.11,11.2,11.09,11.11,68235251.0,799900024.0,19405571850.0,0.0035162710755158705
2025-06-09,11.14,11.16,11.06,11.12,77325468.0,905092605.0,19405571850.0,0.003984704423951309
2025-06-10,11.13,11.29,11.12,11.22,142813180.0,1689018780.0,19405571850.0,0.007359390442286812
2025-06-11,11.23,11.33,11.2,11.25,109466664.0,1298656315.0,19405571850.0,0.00564099140422909
2025-06-12,11.32,11.46,11.29,11.44,129022047.0,1500287176.0,19405571850.0,0.006648711411202242
2025-06-13,11.44,11.5,11.32,11.34,109549419.0,1272773101.0,19405571850.0,0.00564525590107771
2025-06-16,11.33,11.55,11.29,11.55,117443827.0,1371041708.0,19405571850.0,0.006052067308699279
2025-06-17,11.55,11.64,11.47,11.52,89002734.0,1048960749.0,19405571850.0,0.004586452524458845
2025-06-18,11.54,11.57,11.42,11.53,68352111.0,802908098.0,19405571850.0,0.003522293057290141
2025-06-19,11.52,11.54,11.41,11.46,83224716.0,974127331.0,19405571850.0,0.004288702061619483
2025-06-20,11.46,11.62,11.43,11.6,130919782.0,1544541881.0,19405571850.0,0.0067465047158607695
2025-06-23,11.57,11.73,11.43,11.69,138917048.0,1646476917.0,19405571850.0,0.0071586165599134355
2025-06-24,11.66,11.77,11.6,11.69,130852531.0,1560621893.0,19405571850.0,0.0067430391648056484
2025-06-25,11.69,11.83,11.59,11.81,167511647.0,2007989727.0,19405571850.0,0.008632141752627609
2025-06-26,11.8,12.23,11.77,12.16,217457766.0,2672207529.0,19405571850.0,0.011205944750347566
2025-06-27,12.12,12.32,11.88,11.95,237760015.0,2937865058.0,19405571850.0,0.012252151950884149
2025-06-30,11.89,11.92,11.72,11.82,150481965.0,1812492377.0,19405600653.0,0.007754563627832685
2025-07-01,11.81,12.08,11.81,12.05,135434108.0,1653806750.0,19405600653.0,0.006979124759998739
2025-07-02,12.06,12.16,11.98,12.07,120041184.0,1481842213.0,19405600653.0,0.0061859040668984545
2025-07-03,12.08,12.17,12.03,12.1,79408597.0,980546007.0,19405600653.0,0.004092045302793751
2025-07-04,12.1,12.46,12.05,12.34,177533267.0,2224874056.0,19405600653.0,0.009148558201034315
2025-07-07,12.34,12.56,12.34,12.52,149540653.0,1901755851.0,19405600653.0,0.007706056394440016
2025-07-08,12.49,12.58,12.39,12.43,109098597.0,1387093602.0,19405600653.0,0.005622015981408643
2025-07-09,12.4,12.64,12.4,12.58,120596330.0,1542699035.0,19405600653.0,0.006214511581292201
2025-07-10,12.56,13.06,12.53,12.91,248141553.0,3249454029.0,19405600653.0,0.012787110146041197
2025-07-11,12.92,13.03,12.63,12.65,244374350.0,3200219566.0,19405600653.0,0.012592980468358812
2025-07-14,12.61,12.9,12.6,12.72,187289585.0,2440924105.0,19405600653.0,0.009651316047825917
2025-07-15,12.73,12.77,12.45,12.47,181053131.0,2322277285.0,19405600653.0,0.00932994212534257
2025-07-16,12.47,12.5,12.25,12.38,192786379.0,2424983973.0,19405600653.0,0.00993457416996759
2025-07-17,12.35,12.44,12.28,12.33,94464140.0,1189666227.0,19405600653.0,0.004867880241851538
2025-07-18,12.36,12.49,12.34,12.44,124120611.0,1574176824.0,19405600653.0,0.006396123120301954
2025-07-21,12.38,12.45,12.29,12.35,107902662.0,1360155719.0,19405600653.0,0.00556038763908701
2025-07-22,12.34,12.34,12.07,12.24,193522916.0,2408337286.0,19405600653.0,0.009972529037388102
2025-07-23,12.21,12.37,12.2,12.27,137052000.0,1719158803.0,19405600653.0,0.007062497185770568
2025-07-24,12.27,12.27,12.08,12.1,195935057.0,2426175236.0,19405600653.0,0.010096830317370749
2025-07-25,12.08,12.21,12.07,12.1,110826666.0,1372103731.0,19405600653.0,0.005711065994902188
2025-07-28,12.1,12.27,12.07,12.21,123824278.0,1541317047.0,19405600653.0,0.006380852631884777
2025-07-29,12.21,12.25,12.09,12.09,101281801.0,1255113972.0,19405600653.0,0.005219204641539523
2025-07-30,12.1,12.38,12.09,12.24,171516360.0,2149934405.0,19405600653.0,0.008838497868061842
2025-07-31,12.25,12.29,11.97,11.98,169008125.0,2079630602.0,19405600653.0,0.008709244718682401
2025-08-01,11.99,12.08,11.9,12.03,101218698.0,1240239180.0,19405600653.0,0.005215952848352166
2025-08-04,11.99,12.13,11.96,12.05,103268969.0,1271376407.0,19405600653.0,0.005321606419022911
2025-08-05,12.05,12.25,12.03,12.22,113207820.0,1405152349.0,19405600653.0,0.005833770467831342
2025-08-06,12.22,12.26,12.15,12.21,69044765.0,859684675.0,19405600653.0,0.003557981339233942
2025-08-07,12.19,12.27,12.14,12.22,72205305.0,900760013.0,19405600653.0,0.0037208487534673373
2025-08-08,12.23,12.27,12.14,12.15,82979591.0,1032586759.0,19405600653.0,0.00427606403346097
2025-08-11,12.15,12.17,12.02,12.05,93435315.0,1150305113.0,19405600653.0,0.004814863330991789
2025-08-12,12.05,12.15,12.05,12.08,68005619.0,839635630.0,19405600653.0,0.0035044325716084806
2025-08-13,12.12,12.15,11.98,12.01,111981305.0,1376777909.0,19405600653.0,0.005770566291782795
2025-08-14,12.02,12.09,11.94,11.95,124104129.0,1523447932.0,19405600653.0,0.006395273777872687
2025-08-15,11.98,11.98,11.7,11.83,194850295.0,2344073499.0,19405600653.0,0.010040930888159712
2025-08-18,11.81,11.9,11.78,11.83,123905837.0,1496527039.0,19405600653.0,0.006385055490711896
2025-08-19,11.85,11.87,11.77,11.81,89285989.0,1077380173.0,19405600653.0,0.0046010422762253885
2025-08-20,11.81,11.87,11.74,11.82,104873853.0,1265435773.0,19405600653.0,0.005404308522848381
2025-08-21,11.8,11.94,11.78,11.9,121741825.0,1477053292.0,19405600653.0,0.006273540674000182
2025-08-22,11.9,11.92,11.74,11.81,164425977.0,1979461311.0,19405600653.0,0.008473119690555966
2025-08-25,11.87,12.27,11.85,12.2,304508753.0,3761289076.0,19405600653.0,0.01569179735505505
2025-08-26,12.2,12.25,12.05,12.11,138359861.0,1709560923.0,19405600653.0,0.007129893244433551
2025-08-27,12.07,12.11,11.8,11.81,186004950.0,2268070721.0,19405600653.0,0.009585116860128967
2025-08-28,11.84,11.89,11.73,11.83,165358793.0,1991723374.0,19405600653.0,0.00852118911219769
2025-08-29,11.8,11.97,11.78,11.8,180512568.0,2186232853.0,19405600653.0,0.009302086095031217
2025-09-01,11.8,11.8,11.61,11.65,185845902.0,2214306332.0,19405600653.0,0.009576920875740542
2025-09-02,11.61,11.75,11.6,11.74,149271566.0,1780010209.0,19405600653.0,0.007692189933678937
2025-09-03,11.74,11.77,11.5,11.51,136723249.0,1619322977.0,19405600653.0,0.007045556148702016
2025-09-04,11.52,11.53,11.36,11.5,129530002.0,1513956779.0,19405600653.0,0.00667487723344319
2025-09-05,11.49,11.5,11.39,11.48,81966156.0,957547463.0,19405600653.0,0.00422384019261617
2025-09-08,11.47,11.54,11.43,11.46,92443104.0,1083054608.0,19405600653.0,0.004763733195020109
2025-09-09,11.47,11.54,11.44,11.51,86053917.0,1009279729.0,19405600653.0,0.004434488709665193
2025-09-10,11.5,11.55,11.47,11.53,79266839.0,932170201.0,19405600653.0,0.004084740298298665
2025-09-11,11.53,11.61,11.47,11.61,96393163.0,1134234367.0,19405600653.0,0.004967285719398649
2025-09-12,11.59,11.64,11.46,11.48,94038510.0,1107449057.0,19405600653.0,0.004845946883146962
2025-09-15,11.46,11.48,11.39,11.41,84038656.0,980347617.0,19405600653.0,0.004330639257332552
2025-09-16,11.42,11.47,11.37,11.4,70804849.0,825169464.0,19405600653.0,0.003648681134178341
2025-09-17,11.4,11.43,11.34,11.4,77112893.0,896750270.0,19405600653.0,0.003973744197816354
2025-09-18,11.41,11.42,11.15,11.18,138616040.0,1594827200.0,19405600653.0,0.007143094536399764
2025-09-19,11.18,11.28,11.14,11.22,83465123.0,955004097.0,19405600653.0,0.004301084232973575
2025-09-22,11.21,11.24,11.14,11.15,59640232.0,680158439.0,19405600653.0,0.003073351506426056
2025-09-23,11.14,11.34,11.09,11.29,134143022.0,1543271185.0,19405600653.0,0.006912593142498901
2025-09-24,11.28,11.38,11.2,11.23,113958347.0,1310214181.0,19405600653.0,0.005872446261145885
2025-09-25,11.2,11.24,11.13,11.17,77327594.0,881943148.0,19405600653.0,0.003984808065605821
2025-09-26,11.16,11.21,11.09,11.17,75323875.0,856917688.0,19405600653.0,0.0038815533900186357
2025-09-29,11.17,11.25,11.04,11.14,117601243.0,1334456974.0,19405600653.0,0.006060170210800431
2025-09-30,11.14,11.14,11.06,11.11,83247947.0,942224081.0,19405600653.0,0.004289892824684626
2025-10-09,11.1,11.18,11.04,11.17,104746906.0,1187061683.0,19405600653.0,0.005397766751621094
2025-10-10,11.14,11.26,11.13,11.2,108794775.0,1244213513.0,19405600653.0,0.005606359573476069
2025-10-13,11.09,11.23,11.05,11.17,116880173.0,1328180364.0,19405600653.0,0.0060230123813215216
2025-10-14,11.16,11.36,11.13,11.33,184342836.0,2124120304.0,19405600653.0,0.009499465607703393
2025-10-15,11.34,11.42,11.26,11.4,127106103.0,1443458105.0,19405600653.0,0.0065499700459078596
2025-10-16,11.38,11.55,11.36,11.54,126193687.0,1447841585.0,19405600653.0,0.006502951867170942
2025-10-17,11.5,11.58,11.38,11.4,103966632.0,1193518555.0,19405600653.0,0.0053575580503315845
2025-10-20,11.41,11.45,11.27,11.42,95264110.0,1081829700.0,19405600653.0,0.004909103907859337
2025-10-21,11.4,11.47,11.39,11.43,76116462.0,869658080.0,19405600653.0,0.003922396598851621
2025-10-22,11.4,11.54,11.4,11.52,83370319.0,957661636.0,19405600653.0,0.004296198839231055
2025-10-23,11.52,11.71,11.5,11.63,137311158.0,1593155218.0,19405600653.0,0.007075851990119793
2025-10-24,11.6,11.68,11.55,11.56,98047530.0,1138026681.0,19405600653.0,0.0050525377571779715
2025-10-27,11.54,11.61,11.44,11.52,123948526.0,1428199707.0,19405600653.0,0.006387255319553236
2025-10-28,11.53,11.58,11.42,11.47,82156818.0,943626835.0,19405600653.0,0.004233665294317958
2025-10-29,11.46,11.46,11.36,11.39,96621364.0,1100783363.0,19405600653.0,0.004979045262639828
2025-10-30,11.38,11.47,11.36,11.38,94377015.0,1077182643.0,19405600653.0,0.004863390558612254
2025-10-31,11.38,11.4,11.3,11.32,97019293.0,1099179193.0,19405600653.0,0.004999551146849007
2025-11-03,11.34,11.44,11.3,11.43,95232643.0,1084422504.0,19405600653.0,0.004907482365678671
2025-11-04,11.42,11.64,11.4,11.59,150300748.0,1737289514.0,19405600653.0,0.00774522524128952
2025-11-05,11.59,11.6,11.5,11.52,79492605.0,918112474.0,19405600653.0,0.004096374362300962
2025-11-06,11.5,11.58,11.47,11.51,76658546.0,882799462.0,19405600653.0,0.003950331008597202
2025-11-07,11.52,11.58,11.5,11.55,73485055.0,848177984.0,19405600653.0,0.003786796209713798
2025-11-10,11.52,11.64,11.45,11.63,82720833.0,957555601.0,19405600653.0,0.004262729841717721
2025-11-11,11.62,11.69,11.57,11.67,88650887.0,1033284776.0,19405600653.0,0.004568314508022974
2025-11-12,11.7,11.79,11.65,11.68,114132538.0,1337963805.0,19405600653.0,0.005881422587265071
2025-11-13,11.68,11.72,11.57,11.7,97899103.0,1139765204.0,19405600653.0,0.005044889089009741
2025-11-14,11.67,11.84,11.66,11.75,131699498.0,1551867288.0,19405600653.0,0.006786674648982843
2025-11-17,11.75,11.75,11.62,11.67,99523287.0,1161416222.0,19405600653.0,0.005128585751073582
2025-11-18,11.65,11.69,11.57,11.59,67007735.0,778887578.0,19405600653.0,0.0034530100973525378
2025-11-19,11.58,11.83,11.57,11.8,133499619.0,1565428547.0,19405600653.0,0.006879437611190958
2025-11-20,11.79,11.99,11.74,11.85,163703985.0,1948415940.0,19405600653.0,0.008435914349020279
2025-11-21,11.8,11.88,11.66,11.69,146535888.0,1721871193.0,19405600653.0,0.007551216301946642
2025-11-24,11.7,11.73,11.6,11.6,111711880.0,1302444630.0,19405600653.0,0.005756682413369666
2025-11-25,11.61,11.8,11.58,11.8,102808052.0,1203879797.0,19405600653.0,0.005297854667750593
2025-11-26,11.81,11.85,11.65,11.69,82130109.0,962935430.0,19405600653.0,0.004232288939085384
2025-11-27,11.66,11.71,11.58,11.71,101184710.0,1178308953.0,19405600653.0,0.005214201395222332
2025-11-28,11.67,11.68,11.58,11.61,88435845.0,1027933464.0,19405600653.0,0.004557233067986911
2025-12-01,11.6,11.7,11.53,11.69,103732271.0,1205480323.0,19405600653.0,0.005345481072958366
2025-12-02,11.68,11.73,11.59,11.64,76805993.0,894720592.0,19405600653.0,0.00395792917588079
2025-12-03,11.64,11.7,11.54,11.55,94460109.0,1099167227.0,19405600653.0,0.004867672518314809
2025-12-04,11.55,11.58,11.46,11.49,88608988.0,1019178990.0,19405600653.0,0.0045661553890784376
2025-12-05,11.49,11.54,11.4,11.53,89076609.0,1022334912.0,19405600653.0,0.004590252607626925
2025-12-08,11.49,11.6,11.48,11.52,85589893.0,988510035.0,19405600653.0,0.004410576849975951
2025-12-09,11.52,11.54,11.43,11.43,73395745.0,842732358.0,19405600653.0,0.003782193930114367
2025-12-10,11.44,11.46,11.29,11.33,104406472.0,1184087688.0,19405600653.0,0.00538022367186348
2025-12-11,11.35,11.39,11.3,11.37,92526129.0,1049906216.0,19405600653.0,0.004768011599048131
2025-12-12,11.37,11.43,11.3,11.35,119189472.0,1357465371.0,19405600653.0,0.006142014057244549
2025-12-15,11.34,11.54,11.33,11.51,94083253.0,1080642231.0,19405600653.0,0.0048482525577199925
2025-12-16,11.49,11.55,11.44,11.48,64735136.0,743389002.0,19405600653.0,0.003335899628027865
2025-12-17,11.47,11.58,11.42,11.53,70149533.0,807135164.0,19405600653.0,0.0036149117079328987
2025-12-18,11.51,11.65,11.48,11.64,79046654.0,916247611.0,19405600653.0,0.004073393831681258
2025-12-19,11.63,11.65,11.58,11.62,64988619.0,755106127.0,19405600653.0,0.0033489619910297965
2025-12-22,11.61,11.61,11.51,11.52,74236916.0,857197057.0,19405600653.0,0.0038255407460692733
2025-12-23,11.52,11.6,11.5,11.56,66626574.0,770081940.0,19405600653.0,0.0034333682935858982
2025-12-24,11.55,11.58,11.49,11.54,50524356.0,582458735.0,19405600653.0,0.002603596606126655
2025-12-25,11.54,11.62,11.52,11.56,54745523.0,633772625.0,19405600653.0,0.0028211197364579714
2025-12-26,11.56,11.59,11.53,11.54,43633984.0,504079280.0,19405600653.0,0.002248525298455754
2025-12-29,11.54,11.62,11.5,11.56,64829542.0,749082978.0,19405600653.0,0.003340764512227438
2025-12-30,11.53,11.56,11.45,11.48,58258433.0,669409275.0,19405600653.0,0.0030021453106113243
2025-12-31,11.48,11.49,11.4,11.41,59062037.0,675457357.0,19405600653.0,0.003043556242144421
2026-01-05,11.42,11.51,11.41,11.5,87549118.0,1003479224.0,19405600653.0,0.004511538682337327
2026-01-06,11.5,11.68,11.48,11.67,130464842.0,1512911584.0,19405600653.0,0.006723050954871157
2026-01-07,11.66,11.82,11.62,11.64,96623624.0,1131165699.0,19405600653.0,0.004979161723863596
2026-01-08,11.64,11.65,11.49,11.51,110008511.0,1268647295.0,19405600653.0,0.005668905228295177
2026-01-09,11.53,11.53,11.44,11.46,98339004.0,1128076547.0,19405600653.0,0.005067557853964047
2026-01-12,11.45,11.49,11.42,11.48,85521298.0,979700148.0,19405600653.0,0.004407042045708535
2026-01-13,11.48,11.54,11.44,11.47,106154122.0,1219755569.0,19405600653.0,0.005470282723951096
2026-01-14,11.47,11.47,11.35,11.36,127475714.0,1454416591.0,19405600653.0,0.006569016660676924
2026-01-15,11.33,11.37,11.3,11.31,88495977.0,1002514947.0,19405600653.0,0.0045603317610433776
2026-01-16,11.34,11.34,11.16,11.19,111947254.0,1257713579.0,19405600653.0,0.00576881159216752
2026-01-19,11.15,11.21,11.11,11.12,80474131.0,896712443.0,19405600653.0,0.004146953884035491
2026-01-20,11.12,11.2,11.11,11.16,77227609.0,861694178.0,19405600653.0,0.00397965568708439
2026-01-21,11.15,11.18,11.06,11.07,90012491.0,1001045288.0,19405600653.0,0.004638480024893461
2026-01-22,11.07,11.15,11.05,11.07,78863462.0,873985785.0,19405600653.0,0.0040639536703960845
2026-01-23,11.07,11.09,10.98,10.99,110999429.0,1224886436.0,19405600653.0,0.005719968734018037
2026-01-26,10.98,11.06,10.92,10.96,110624665.0,1214803431.0,19405600653.0,0.0057006565773524785
2026-01-27,10.96,11.03,10.93,10.94,89409121.0,981119838.0,19405600653.0,0.004607387454723172
2026-01-28,10.94,10.99,10.82,10.84,143876603.0,1570012850.0,19405600653.0,0.007414179317235278
2026-01-29,10.84,10.98,10.66,10.96,185299383.0,2001845208.0,19405600653.0,0.009548757923726196
2026-01-30,10.94,11.03,10.83,10.83,109175497.0,1191181198.0,19405600653.0,0.005625978754907649
2026-02-02,10.82,11.03,10.8,10.86,122317302.0,1337643445.0,19405600653.0,0.006303195875624206
2026-02-03,10.89,10.9,10.77,10.84,80662816.0,872562155.0,19405600653.0,0.004156677107932239
2026-02-04,10.85,10.98,10.84,10.97,69541547.0,760107689.0,19405600653.0,0.00358358126828964
2026-02-05,10.98,11.11,10.96,11.09,117759109.0,1301134142.0,19405600653.0,0.006068305284938196
2026-02-06,11.08,11.14,10.99,11.05,72770959.0,803862241.0,19405600653.0,0.00374999776102009
2026-02-09,11.05,11.11,11.01,11.07,61971670.0,685218215.0,19405600653.0,0.0031934940385583747
2026-02-10,11.07,11.1,11.02,11.06,60042999.0,664140162.0,19405600653.0,0.0030941067001045226
2026-02-11,11.06,11.09,11.02,11.07,43104098.0,476801864.0,19405600653.0,0.002221219470129431
2026-02-12,11.07,11.08,10.93,10.96,68134024.0,748338547.0,19405600653.0,0.0035110494757845515
2026-02-13,10.96,10.99,10.9,10.91,55504736.0,607501376.0,19405600653.0,0.0028602431325112977
2026-02-24,10.93,10.95,10.88,10.91,60251240.0,657487700.0,19405600653.0,0.003104837674307468
2026-02-25,10.91,10.95,10.78,10.86,106313487.0,1156693737.0,19405600653.0,0.005478495043829757
2026-02-26,10.86,10.91,10.8,10.87,71273019.0,772947727.0,19405600653.0,0.003672806643528531
2026-02-27,10.86,10.92,10.84,10.9,61222796.0,666177346.0,19405600653.0,0.0031549034268380295
2026-03-02,10.85,10.89,10.77,10.85,83887355.0,908747812.0,19405600653.0,0.004322842487590379
2026-03-03,10.85,10.95,10.8,10.88,102869483.0,1119402076.0,19405600653.0,0.005301020300244968
2026-03-04,10.84,10.84,10.67,10.71,108971396.0,1167995856.0,19405600653.0,0.005615461121176561
2026-03-05,10.72,10.84,10.7,10.81,71264118.0,768553598.0,19405600653.0,0.003672347961514036
2026-03-06,10.78,10.84,10.77,10.82,47657680.0,514733550.0,19405600653.0,0.002455872449000046
2026-03-09,10.79,10.82,10.74,10.76,83589238.0,900716851.0,19405600653.0,0.004307480066950546
2026-03-10,10.77,10.81,10.73,10.81,79011168.0,850573536.0,19405600653.0,0.004071565184342043
2026-03-11,10.79,10.9,10.77,10.89,72053464.0,781041009.0,19405600653.0,0.003713024156707096
2026-03-12,10.87,10.96,10.85,10.94,75490558.0,824171954.0,19405600653.0,0.0038901428175236396
2026-03-13,10.93,11.0,10.87,10.93,84193915.0,920839356.0,19405600653.0,0.004338639988810863
2026-03-16,10.93,10.97,10.88,10.92,71560301.0,782089441.0,19405600653.0,0.003687610720203972
2026-03-17,10.91,11.07,10.9,11.03,107665681.0,1187565492.0,19405600653.0,0.005548175649144644
2026-03-18,11.04,11.04,10.91,10.96,79107940.0,867711250.0,19405600653.0,0.004076551992105967
2026-03-19,10.92,10.97,10.86,10.88,62421195.0,681086519.0,19405600653.0,0.003216658742812479
2026-03-20,10.87,10.94,10.76,10.77,83408256.0,903819004.0,19405600653.0,0.004298153790313393
2026-03-23,10.68,10.68,10.43,10.45,158008833.0,1666328348.0,19405600653.0,0.00814243453863783
2026-03-24,10.52,10.89,10.52,10.88,162225127.0,1744746708.0,19405600653.0,0.008359706555896835
